"id","header_1","header_2","thisOneIsAliased","number","aBool"
"ID-1","JOHN","Yop","Yop",54,true
"ID-2","JANE","Yop","Yop",54,true
"ID-3","JIM","Yop","Yop",54,true
"ID-4","JILL","Yop","Yop",54,true
"ID-5","JACK","Yop","Yop",54,true
"ID-6","JOYCE","Yop","Yop",54,true
"ID-7","JAMES","Yop","Yop",54,true
"ID-8","JENNIFER","Yop","Yop",54,true
"ID-9","JERRY","Yop","Yop",54,true
"ID-10","JUDY","Yop","Yop",54,true
"ID-11","RICHIS","Yop","Yop",54,true
"ID-12","MILLA","Yop","Yop",54,true
"ID-13","BOB","Yop","Yop",54,true
